INSERT INTO tb_game_list (name) VALUES ('Aventura e RPG');
INSERT INTO tb_game_list (name) VALUES ('Jogos de plataforma');

INSERT INTO tb_game (title, score, game_year, genre, platforms, img_url, short_description, long_description) VALUES ('Mass Effect Trilogy', 4.8, 2012, 'Role-playing (RPG), Shooter', 'XBox, Playstation, PC', 'https://raw.githubusercontent.com/devsuperior/java-spring-dslist/main/resources/1.png', 'Lorem ipsum dolor sit amet consectetur adipisicing elit. Odit esse officiis corrupti unde repellat non quibusdam! Id nihil itaque ipsum!', 'Lorem ipsum dolor sit amet consectetur adipisicing elit. Delectus dolorum illum placeat eligendi, quis maiores veniam. Incidunt dolorum, nisi deleniti dicta odit voluptatem nam provident temporibus reprehenderit blanditiis consectetur tenetur. Dignissimos blanditiis quod corporis iste, aliquid perspiciatis architecto quasi tempore ipsam voluptates ea ad distinctio, sapiente qui, amet quidem culpa.');
INSERT INTO tb_game (title, score, game_year, genre, platforms, img_url, short_description, long_description) VALUES ('Red Dead Redemption 2', 4.7, 2018, 'Role-playing (RPG), Adventure', 'XBox, Playstation, PC', 'https://raw.githubusercontent.com/devsuperior/java-spring-dslist/main/resources/2.png', 'Lorem ipsum dolor sit amet consectetur adipisicing elit. Odit esse officiis corrupti unde repellat non quibusdam! Id nihil itaque ipsum!', 'Lorem ipsum dolor sit amet consectetur adipisicing elit. Delectus dolorum illum placeat eligendi, quis maiores veniam. Incidunt dolorum, nisi deleniti dicta odit voluptatem nam provident temporibus reprehenderit blanditiis consectetur tenetur. Dignissimos blanditiis quod corporis iste, aliquid perspiciatis architecto quasi tempore ipsam voluptates ea ad distinctio, sapiente qui, amet quidem culpa.');
INSERT INTO tb_game (title, score, game_year, genre, platforms, img_url, short_description, long_description) VALUES ('The Witcher 3: Wild Hunt', 4.7, 2014, 'Role-playing (RPG), Adventure', 'XBox, Playstation, PC', 'https://raw.githubusercontent.com/devsuperior/java-spring-dslist/main/resources/3.png', 'Lorem ipsum dolor sit amet consectetur adipisicing elit. Odit esse officiis corrupti unde repellat non quibusdam! Id nihil itaque ipsum!', 'Lorem ipsum dolor sit amet consectetur adipisicing elit. Delectus dolorum illum placeat eligendi, quis maiores veniam. Incidunt dolorum, nisi deleniti dicta odit voluptatem nam provident temporibus reprehenderit blanditiis consectetur tenetur. Dignissimos blanditiis quod corporis iste, aliquid perspiciatis architecto quasi tempore ipsam voluptates ea ad distinctio, sapiente qui, amet quidem culpa.');
INSERT INTO tb_game (title, score, game_year, genre, platforms, img_url, short_description, long_description) VALUES ('Sekiro: Shadows Die Twice', 3.8, 2019, 'Role-playing (RPG), Adventure', 'XBox, Playstation, PC', 'https://raw.githubusercontent.com/devsuperior/java-spring-dslist/main/resources/4.png', 'Lorem ipsum dolor sit amet consectetur adipisicing elit. Odit esse officiis corrupti unde repellat non quibusdam! Id nihil itaque ipsum!', 'Lorem ipsum dolor sit amet consectetur adipisicing elit. Delectus dolorum illum placeat eligendi, quis maiores veniam. Incidunt dolorum, nisi deleniti dicta odit voluptatem nam provident temporibus reprehenderit blanditiis consectetur tenetur. Dignissimos blanditiis quod corporis iste, aliquid perspiciatis architecto quasi tempore ipsam voluptates ea ad distinctio, sapiente qui, amet quidem culpa.');
INSERT INTO tb_game (title, score, game_year, genre, platforms, img_url, short_description, long_description) VALUES ('Ghost of Tsushima', 4.6, 2012, 'Role-playing (RPG), Adventure', 'XBox, Playstation, PC', 'https://raw.githubusercontent.com/devsuperior/java-spring-dslist/main/resources/5.png', 'Lorem ipsum dolor sit amet consectetur adipisicing elit. Odit esse officiis corrupti unde repellat non quibusdam! Id nihil itaque ipsum!', 'Lorem ipsum dolor sit amet consectetur adipisicing elit. Delectus dolorum illum placeat eligendi, quis maiores veniam. Incidunt dolorum, nisi deleniti dicta odit voluptatem nam provident temporibus reprehenderit blanditiis consectetur tenetur. Dignissimos blanditiis quod corporis iste, aliquid perspiciatis architecto quasi tempore ipsam voluptates ea ad distinctio, sapiente qui, amet quidem culpa.');
INSERT INTO tb_game (title, score, game_year, genre, platforms, img_url, short_description, long_description) VALUES ('Super Mario World', 4.7, 1990, 'Platform', 'Super Ness, PC', 'https://raw.githubusercontent.com/devsuperior/java-spring-dslist/main/resources/6.png', 'Lorem ipsum dolor sit amet consectetur adipisicing elit. Odit esse officiis corrupti unde repellat non quibusdam! Id nihil itaque ipsum!', 'Lorem ipsum dolor sit amet consectetur adipisicing elit. Delectus dolorum illum placeat eligendi, quis maiores veniam. Incidunt dolorum, nisi deleniti dicta odit voluptatem nam provident temporibus reprehenderit blanditiis consectetur tenetur. Dignissimos blanditiis quod corporis iste, aliquid perspiciatis architecto quasi tempore ipsam voluptates ea ad distinctio, sapiente qui, amet quidem culpa.');
INSERT INTO tb_game (title, score, game_year, genre, platforms, img_url, short_description, long_description) VALUES ('Hollow Knight', 4.6, 2017, 'Platform', 'XBox, Playstation, PC', 'https://raw.githubusercontent.com/devsuperior/java-spring-dslist/main/resources/7.png', 'Lorem ipsum dolor sit amet consectetur adipisicing elit. Odit esse officiis corrupti unde repellat non quibusdam! Id nihil itaque ipsum!', 'Lorem ipsum dolor sit amet consectetur adipisicing elit. Delectus dolorum illum placeat eligendi, quis maiores veniam. Incidunt dolorum, nisi deleniti dicta odit voluptatem nam provident temporibus reprehenderit blanditiis consectetur tenetur. Dignissimos blanditiis quod corporis iste, aliquid perspiciatis architecto quasi tempore ipsam voluptates ea ad distinctio, sapiente qui, amet quidem culpa.');
INSERT INTO tb_game (title, score, game_year, genre, platforms, img_url, short_description, long_description) VALUES ('Ori and the Blind Forest', 4, 2015, 'Platform', 'XBox, Playstation, PC', 'https://raw.githubusercontent.com/devsuperior/java-spring-dslist/main/resources/8.png', 'Lorem ipsum dolor sit amet consectetur adipisicing elit. Odit esse officiis corrupti unde repellat non quibusdam! Id nihil itaque ipsum!', 'Lorem ipsum dolor sit amet consectetur adipisicing elit. Delectus dolorum illum placeat eligendi, quis maiores veniam. Incidunt dolorum, nisi deleniti dicta odit voluptatem nam provident temporibus reprehenderit blanditiis consectetur tenetur. Dignissimos blanditiis quod corporis iste, aliquid perspiciatis architecto quasi tempore ipsam voluptates ea ad distinctio, sapiente qui, amet quidem culpa.');
INSERT INTO tb_game (title, score, game_year, genre, platforms, img_url, short_description, long_description) VALUES ('Cuphead', 4.6, 2017, 'Platform', 'XBox, Playstation, PC', 'https://raw.githubusercontent.com/devsuperior/java-spring-dslist/main/resources/9.png', 'Lorem ipsum dolor sit amet consectetur adipisicing elit. Odit esse officiis corrupti unde repellat non quibusdam! Id nihil itaque ipsum!', 'Lorem ipsum dolor sit amet consectetur adipisicing elit. Delectus dolorum illum placeat eligendi, quis maiores veniam. Incidunt dolorum, nisi deleniti dicta odit voluptatem nam provident temporibus reprehenderit blanditiis consectetur tenetur. Dignissimos blanditiis quod corporis iste, aliquid perspiciatis architecto quasi tempore ipsam voluptates ea ad distinctio, sapiente qui, amet quidem culpa.');
INSERT INTO tb_game (title, score, game_year, genre, platforms, img_url, short_description, long_description) VALUES ('Sonic CD', 4, 1993, 'Platform', 'Sega CD, PC', 'https://raw.githubusercontent.com/devsuperior/java-spring-dslist/main/resources/10.png', 'Lorem ipsum dolor sit amet consectetur adipisicing elit. Odit esse officiis corrupti unde repellat non quibusdam! Id nihil itaque ipsum!', 'Lorem ipsum dolor sit amet consectetur adipisicing elit. Delectus dolorum illum placeat eligendi, quis maiores veniam. Incidunt dolorum, nisi deleniti dicta odit voluptatem nam provident temporibus reprehenderit blanditiis consectetur tenetur. Dignissimos blanditiis quod corporis iste, aliquid perspiciatis architecto quasi tempore ipsam voluptates ea ad distinctio, sapiente qui, amet quidem culpa.');

INSERT INTO tb_belonging (list_id, game_id, position) VALUES (1, 1, 0);
INSERT INTO tb_belonging (list_id, game_id, position) VALUES (1, 2, 1);
INSERT INTO tb_belonging (list_id, game_id, position) VALUES (1, 3, 2);
INSERT INTO tb_belonging (list_id, game_id, position) VALUES (1, 4, 3);
INSERT INTO tb_belonging (list_id, game_id, position) VALUES (1, 5, 4);

INSERT INTO tb_belonging (list_id, game_id, position) VALUES (2, 6, 0);
INSERT INTO tb_belonging (list_id, game_id, position) VALUES (2, 7, 1);
INSERT INTO tb_belonging (list_id, game_id, position) VALUES (2, 8, 2);
INSERT INTO tb_belonging (list_id, game_id, position) VALUES (2, 9, 3);
INSERT INTO tb_belonging (list_id, game_id, position) VALUES (2, 10, 4);

INSERT INTO tb_user (id, name, email) VALUES (1, 'Elias Filipe', 'elias@example.com');
INSERT INTO tb_user (id, name, email) VALUES (2, 'Maria Andrade', 'maria.andrade@example.com');
INSERT INTO tb_user (id, name, email) VALUES (3, 'João Pereira', 'joao.pereira@example.com');
INSERT INTO tb_user (id, name, email) VALUES (4, 'Ana Beatriz', 'ana.beatriz@example.com');
INSERT INTO tb_user (id, name, email) VALUES (5, 'Rafael Costa', 'rafael.costa@example.com');
INSERT INTO tb_user (id, name, email) VALUES (6, 'Carla Souza', 'carla.souza@example.com');
INSERT INTO tb_user (id, name, email) VALUES (7, 'Lucas Moreira', 'lucas.moreira@example.com');
INSERT INTO tb_user (id, name, email) VALUES (8, 'Bruna Rocha', 'bruna.rocha@example.com');
INSERT INTO tb_user (id, name, email) VALUES (9, 'Felipe Martins', 'felipe.martins@example.com');
INSERT INTO tb_user (id, name, email) VALUES (10, 'Gabriela Santos', 'gabriela.santos@example.com');

INSERT INTO tb_post (id, title, content, user_id, game_id) VALUES (1, 'Muito dahora!','Muito dahora!', 1, 1);
INSERT INTO tb_post (id, title, content, user_id, game_id) VALUES (6, 'Superou as expectativas.','Superou as expectativas.', 2, 1);
INSERT INTO tb_post (id, title, content, user_id, game_id) VALUES (7, 'Não achei nada demais -_-','Não achei nada demais -_-', 3, 1);
INSERT INTO tb_post (id, title, content, user_id, game_id) VALUES (8, 'Sou fã ferrenho, tá doido!','Sou fã ferrenho, tá doido!', 4, 1);
INSERT INTO tb_post (id, title, content, user_id, game_id) VALUES (9, 'Depois do lançamento desse jogo eu não consio mais sair de casa','Depois do lançamento desse jogo eu não consio mais sair de casa', 5, 1);
INSERT INTO tb_post (id, title, content, user_id, game_id) VALUES (10, 'Senti falta do glitch de montaria humana','Senti falta do glitch de montaria humana', 6, 1);
INSERT INTO tb_post (id, title, content, user_id, game_id) VALUES (11, 'Fiquei que nem o Travolta jogando isso.','Fiquei que nem o Travolta jogando isso.', 7, 1);
INSERT INTO tb_post (id, title, content, user_id, game_id) VALUES (2, 'The Witcher 3 ainda vale a pena!', 'Mesmo depois de anos, continua sendo um dos melhores RPGs.', 2, 2);
INSERT INTO tb_post (id, title, content, user_id, game_id) VALUES (3, 'God of War 2018 é uma obra-prima', 'A narrativa e o combate são perfeitos.', 3, 3);
INSERT INTO tb_post (id, title, content, user_id, game_id) VALUES (4, 'Dark Souls 2 é subestimado', 'Muita gente critica, mas eu realmente gostei do design dos mapas.', 1, 4);
INSERT INTO tb_post (id, title, content, user_id, game_id) VALUES (5, 'Cyberpunk 2077 agora está jogável', 'Depois dos patches recentes, finalmente ficou bom!', 2, 5);
